React,R IY0 AE1 K T,202480
Vue,V Y UW1,202379
Bootstrap,B UW1 T S T R AE2 P,161886
Next,N EH1 K S T,101058
Angular,AE1 NG G Y AH0 L ER0,86459
Svelte,S V EH1 L T,65749
Tailwind ,T EY L W IH N D,65226
Express,IH0 K S P R EH1 S,59955
Angular,AE1 NG G Y AH0 L ER0,59266
Nest,N EH1 S T,54409
Strapi,S T R AE1 P IY1,51940
SemanticUI,S IH0 M AE1 N T IH0 K Y UW1 AY1,50415
Bulma,B AH L M AH,46795
Nuxt,N AH K S T,43655
Meteor,M IY1 T IY0 ER0,43282
Materialize ,M AH0 T IH1 R IY0 AH0 L AY2 Z,38782
Vue,V Y UW1,35402
Preact,P R IY AE K T,33874
Koa,K OW AA,33645
Material Design Lite,M AH0 T IH1 R IY0 AH0 L D IH0 Z AY1 N L AY1 T,32137
Foundation,F AW0 N D EY1 SH AH0 N,29406
Backbone,B AE1 K B OW2 N,27991
Astro,AE1 S T R OW0,27287
Fastify,F AE1 S T IH F AY,26454
Yew,Y UW1,26382
Solid,S AA1 L AH0 D,25721
Alpine,AE1 L P AY2 N,23090
Pure,P Y UH1 R,22870
Ember,EH1 M B ER0,22407
Sails,S EY1 L Z,22383
Remix,R IY M AY K S,22282
Polymer,P AA1 L AH0 M ER0,21913
tRPC,T IY1 AA1 R P IY1 S IY1,21482
Directus,D AY R IY K T UW S,20292
Hyperapp,HH AY1 P ER0 AE P,18914
Skeleton ,S K EH1 L AH0 T AH0 N,18783
Egg,EH1 G,18351
DaisyUI,D EY1 Z IY0 Y UW1 AY1,18110
UIkit,Y UW1 AY1 K IH T,17790
Relay,R IY1 L EY2,17592
Gun,G AH1 N,16945
Material Components,M AH0 T IH1 R IY0 AH0 L K AH0 M P OW1 N AH0 N T S,16628
dva,D IY1 V IY1 EY1,16119
Redwood,R EH1 D W UH2 D,15703
Inferno,IH2 N F ER1 N OW2,15664
Qwik,K W IH1 K,15329
AMP,EY1 EH1 M P IY1,14948
Riot,R AY1 AH0 T,14773
create-t3-app,K R IY0 EY1 T T  AE1 P,14452
Feathers,F EH1 DH ER0 Z,14375
Hapi,HH AE P AY,14170
Bootswatch,B OW OW T S W AE T K HH,14011
Lit,L IH1 T,13810
umi,UW M AY,13658
Adonis,AH0 D AA1 N AH0 S,13579
Mithril,M AY T HH R AY L,13565
SvelteKit,S V EH1 L T K IH1 T,13500
Blitz,B L IH1 T S,12593
Omi,OW M AY,12529
Marko,M AA1 R K OW0,12430
Stimulus,S T IH1 M Y AH0 L AH0 S,11818
Primer,P R AY1 M ER0,11815
Aurelia,AE UW R IY L AY AE,11752
Stencil,S T EH1 N S IH0 L,11420
Tachyons,T AE K HH Y OW N S,11348
Spectre,S P EH1 K T ER0,11127
htmx,EY1 CH T IY1 EH1 M EH1 K S,10734
Restify,R EH1 S T IH F AY,10581
Micro,M AY1 K R OW2,10349
Knockout,N AA1 K AW2 T,10282
Cycle,S AY1 K AH0 L,10200
Fresh,F R EH1 SH,10005
Milligram,M IH1 L AH0 G R AE2 M,9918
Amplication,AE M P L AY K AE T AY OW N,9321
Pico,P IY1 K OW0,8275
Rax,R AE1 K S,7860
TypeGraphQL,T AY1 P G R AE1 F K Y UW1 EH1 L,7648
Keystone,K IY1 S T OW2 N,7569
petite-vue,P AH0 T IY1 T V Y UW1,7434
Marionette,M AE R AY OW N IY T T IY,7100
Windi ,W IH N D IY,6120
SocketCluster,S AA1 K AH0 T K L AH1 S T ER0,6013
Imba,AY M B AE,5954
Moleculer,M OW L IY K UW L IY R,5537
Polka,P OW1 L K AA0,5164
Gutenberg,G UW1 T AH0 N B ER0 G,4566
LoopBack,L UW1 P B AE1 K,4434
Total,T OW1 T AH0 L,4209
Paper,P EY1 P ER0,3828
new,N UW1,3647
Picnic ,P IH1 K N IH2 K,3626
Lightning Design System,L AY1 T N IH0 NG D IH0 Z AY1 N S IH1 S T AH0 M,3376
RE:DOM,AA1 R IY1 D IY1 OW1 EH1 M,3225
Fomantic-UI,F OW M AE N T AY K Y UW1 AY1,3157
Node API boilerplate,N OW1 D EY1 P IY1 AY1 B OY1 L ER0 P L EY2 T,3080
Solid Start,S AA1 L AH0 D S T AA1 R T,3069
Halfmoon,HH AE L F M OW OW N,2822
Hybrids,HH AY1 B R AH0 D Z,2768
OpenUI5,OW1 P AH0 N Y UW1 AY ,2709
Neo,N IY1 OW0,2631
tsoa,T S OW AE,2571
Ts.ED,T IY1 EH1 S IY1 D IY1,2407
tinyhttp,T AY1 N IY0  EY2 CH T IY2 T IY2 P IY1,2374
Actionhero,AE1 K SH AH0 N HH IH1 R OW0,2352
FoalTS,F OW1 L T IY1 EH1 S,1724
Remult,R IY M UW L T,1715
Nitro,N IH1 T R OW0,1590
Fusion,F Y UW1 ZH AH0 N,1503
Master ,M AE1 S T ER0,1439
Halogen,HH AE1 L AH0 JH AH0 N,1437
Frourio,F R OW UW R AY OW,1146
Cirrus UI,S IH1 R AH0 S Y UW1 AY1,1126
Malina,M AA0 L IY1 N AH0,1070
Wolkenkit,W AO1 L K AH0 N K IH T,1063
Nact,N AE K T,1056
Arrow,AE1 R OW0,1047
Fastify DX,F AE1 S T IH F AY D IY1 EH1 K S,873
Rakkas,R AE K K AE S,847
Dracula UI,D R AE1 K Y UW0 L AH0 Y UW1 AY1,802
Tonic,T AA1 N IH0 K,742
Glimmer,G L IH1 M ER0,734
reSolve,R IY0 Z AA1 L V,718
Lucia,L UW1 SH AH0,705
Nullstack,N AH1 L S T AE K,699
Surplus,S ER1 P L AH0 S,592
AgnosticUI,AE0 G N AA1 S T IH0 K Y UW1 AY1,586
Dojo,D OW JH OW,554
$mol,M OW1 L,550
HatTip,HH AE1 T T IH1 P,484
Vulcan Next,V AH1 L K AH0 N N EH1 K S T,375
Hyperstack,HH AY1 P ER0 S T AE K,343
Stylify,S T AY1 L  IH F AY,338
Booster,B UW1 S T ER0,314
Lemonade,L EH1 M AH0 N EY1 D,310
Phero,P HH IY R OW,223
Bay,B EY1,104
Enhance,EH0 N HH AE1 N S,41
